Player,Team,Span,Mat,Inns,Balls,Overs,Mdns,Runs,Wkts,BBI,Ave,Econ,SR,4,5
K Rabada (GT),GT,2026-2026,17,17,388,64.4,1,626,29,Mar-25,21.58,9.68,13.37,0,0
B Kumar (RCB),RCB,2026-2026,16,16,378,63,0,501,28,Apr-23,17.89,7.95,13.5,1,0
JC Archer (RR),RR,2026-2026,16,16,360,60,1,559,25,Mar-17,22.36,9.31,14.4,0,0
Rashid Khan (GT),GT,2026-2026,17,17,341,56.5,0,516,21,Apr-33,24.57,9.07,16.23,1,0
A Kamboj (CSK),CSK,2026-2026,14,14,302,50.2,0,530,21,Mar-22,25.23,10.52,14.38,0,0
E Malinga (SRH),SRH,2026-2026,15,15,326,54.2,0,507,20,Apr-32,25.35,9.33,16.3,1,0
Mohammed Siraj (GT),GT,2026-2026,17,17,372,62,1,562,19,Mar-26,29.57,9.06,19.57,0,0
Rasikh Salam (RCB),RCB,2026-2026,12,12,257,42.5,1,405,19,Apr-24,21.31,9.45,13.52,1,0
Kartik Tyagi (KKR),KKR,2026-2026,14,13,306,51,0,498,18,Mar-22,27.66,9.76,17,0,0
JO Holder (GT),GT,2026-2026,11,11,230,38.2,0,290,17,Apr-24,17.05,7.56,13.52,1,0
Prince Yadav (LSG),LSG,2026-2026,14,14,312,52,0,459,16,Mar-32,28.68,8.82,19.5,0,0
M Prasidh Krishna (GT),GT,2026-2026,12,12,234,39,0,407,16,Apr-28,25.43,10.43,14.62,1,0
SP Narine (KKR),KKR,2026-2026,13,13,306,51,0,339,15,Feb-26,22.6,6.64,20.4,0,0
Sakib Hussain (SRH),SRH,2026-2026,11,11,252,42,0,397,15,Apr-24,26.46,9.45,16.8,1,0
JR Hazlewood (RCB),RCB,2026-2026,13,13,309,51.3,0,494,15,04-Dec,32.93,9.59,20.6,1,0
AM Ghazanfar (MI),MI,2026-2026,11,11,233,38.5,0,389,15,Feb-17,25.93,10.01,15.53,0,0
KH Pandya (RCB),RCB,2026-2026,16,15,303,50.3,0,425,14,Feb-16,30.35,8.41,21.64,0,0
J Overton (CSK),CSK,2026-2026,10,10,168,28,0,249,14,Apr-18,17.78,8.89,12,1,0
Brijesh Sharma (RR),RR,2026-2026,13,13,273,45.3,0,450,14,Feb-18,32.14,9.89,19.5,0,0
N Burger (RR),RR,2026-2026,13,13,261,43.3,0,440,14,Feb-21,31.42,10.11,18.64,0,0
Arshdeep Singh (PBKS),PBKS,2026-2026,14,14,318,53,0,541,14,Mar-22,38.64,10.2,22.71,0,0
PP Hinge (SRH),SRH,2026-2026,7,7,156,26,0,305,14,Apr-34,21.78,11.73,11.14,1,0
L Ngidi (DC),DC,2026-2026,12,11,248,41.2,0,340,13,Mar-27,26.15,8.22,19.07,0,0
Noor Ahmad (CSK),CSK,2026-2026,14,14,306,51,0,428,13,Mar-21,32.92,8.39,23.53,0,0
Mohammed Shami (LSG),LSG,2026-2026,13,13,306,51,0,459,12,02-Sep,38.25,9,25.5,0,0
YS Chahal (PBKS),PBKS,2026-2026,14,12,246,41,0,385,12,Mar-36,32.08,9.39,20.5,0,0
C Bosch (MI),MI,2026-2026,6,6,121,20.1,1,195,12,Apr-26,16.25,9.66,10.08,1,0
SN Thakur (MI),MI,2026-2026,9,7,132,22,0,270,12,Apr-39,22.5,12.27,11,1,0
Mohsin Khan (LSG),LSG,2026-2026,7,7,168,28,3,228,11,May-23,20.72,8.14,15.27,0,1
AR Patel (DC),DC,2026-2026,14,13,264,44,0,360,11,Feb-18,32.72,8.18,24,0,0
CV Varun (KKR),KKR,2026-2026,11,11,246,41,0,360,11,Mar-14,32.72,8.78,22.36,0,0
Ravi Bishnoi (RR),RR,2026-2026,9,9,156,26,0,257,11,Apr-41,23.36,9.88,14.18,1,0
MA Starc (DC),DC,2026-2026,6,6,132,22,0,224,11,Apr-40,20.36,10.18,12,1,0
VG Arora (KKR),KKR,2026-2026,11,10,228,38,0,390,11,Feb-24,35.45,10.26,20.72,0,0
RA Jadeja (RR),RR,2026-2026,14,12,198,33,0,277,10,02-Aug,27.7,8.39,19.8,0,0
Kuldeep Yadav (DC),DC,2026-2026,12,11,222,37,0,381,10,Mar-29,38.1,10.29,22.2,0,0
Suyash Sharma (RCB),RCB,2026-2026,12,12,245,40.5,1,376,9,Feb-47,41.77,9.2,27.22,0,0
Yash Raj Punja (RR),RR,2026-2026,8,8,180,30,0,279,9,Feb-35,31,9.3,20,0,0
AS Roy (KKR),KKR,2026-2026,14,12,163,27.1,0,261,9,Feb-31,29,9.6,18.11,0,0
Shivang Kumar (SRH),SRH,2026-2026,13,13,234,39,0,375,9,Mar-33,41.66,9.61,26,0,0
M Jansen (PBKS),PBKS,2026-2026,13,12,284,47.2,0,483,9,Feb-33,53.66,10.2,31.55,0,0
V Vyshak (PBKS),PBKS,2026-2026,10,9,186,31,0,330,9,Mar-34,36.66,10.64,20.66,0,0
JA Duffy (RCB),RCB,2026-2026,6,6,144,24,0,263,9,Mar-22,29.22,10.95,16,0,0
AJ Hosein (CSK),CSK,2026-2026,7,7,148,24.4,1,198,8,Apr-17,24.75,8.02,18.5,1,0
Mukesh Choudhary (CSK),CSK,2026-2026,8,8,168,28,0,249,8,Feb-21,31.12,8.89,21,0,0
PJ Cummins (SRH),SRH,2026-2026,8,8,192,32,0,307,8,Mar-28,38.37,9.59,24,0,0
HS Dubey (SRH),SRH,2026-2026,8,8,132,22,0,228,8,03-Dec,28.5,10.36,16.5,0,0
DL Chahar (MI),MI,2026-2026,8,8,153,25.3,0,265,8,Feb-33,33.12,10.39,19.12,0,0
K Nitish Kumar Reddy (SRH),SRH,2026-2026,14,14,186,31,0,323,8,Feb-17,40.37,10.41,23.25,0,0
C Green (KKR),KKR,2026-2026,14,10,132,22,0,234,7,Feb-23,33.42,10.63,18.85,0,0
R Shepherd (RCB),RCB,2026-2026,15,13,150,25,0,298,7,Mar-54,42.57,11.92,21.42,0,0
M Siddharth (LSG),LSG,2026-2026,4,4,90,15,0,145,6,Feb-35,24.16,9.66,15,0,0
Arshad Khan (GT),GT,2026-2026,8,6,104,17.2,0,172,6,Mar-22,28.66,9.92,17.33,0,0
Ashwani Kumar (MI),MI,2026-2026,3,3,60,10,0,102,6,Apr-24,17,10.2,10,1,0
Ashok Sharma (GT),GT,2026-2026,6,6,126,21,0,228,6,Feb-32,38,10.85,21,0,0
Avesh Khan (LSG),LSG,2026-2026,7,7,148,24.4,0,273,6,Feb-23,45.5,11.06,24.66,0,0
Mukesh Kumar (DC),DC,2026-2026,10,10,188,31.2,0,353,6,Feb-26,58.83,11.26,31.33,0,0
SR Dubey (KKR),KKR,2026-2026,4,4,77,12.5,0,106,5,Feb-28,21.2,8.25,15.4,0,0
MJ Santner (MI),MI,2026-2026,4,4,84,14,0,125,5,Feb-16,25,8.92,16.8,0,0
DS Rathi (LSG),LSG,2026-2026,10,10,234,39,0,397,5,Feb-45,79.4,10.17,46.8,0,0
T Natarajan (DC),DC,2026-2026,10,10,191,31.5,0,356,5,Mar-29,71.2,11.18,38.2,0,0
Sandeep Sharma (RR),RR,2026-2026,6,6,118,19.4,0,224,5,Feb-26,44.8,11.38,23.6,0,0
XC Bartlett (PBKS),PBKS,2026-2026,9,9,201,33.3,0,388,5,02-Sep,77.6,11.58,40.2,0,0
Shahbaz Ahmed (LSG),LSG,2026-2026,5,5,67,11.1,0,130,5,Feb-30,26,11.64,13.4,0,0
JJ Bumrah (MI),MI,2026-2026,13,13,294,49,0,410,4,Jan-15,102.5,8.36,73.5,0,0
M Tiwari (DC),DC,2026-2026,3,3,60,10,0,87,4,Feb-27,21.75,8.7,15,0,0
Shashank Singh (PBKS),PBKS,2026-2026,12,4,60,10,0,88,4,Feb-20,22,8.8,15,0,0
Gurjapneet Singh (CSK),CSK,2026-2026,8,8,151,25.1,0,233,4,01-Jul,58.25,9.25,37.75,0,0
B Muzarabani (KKR),KKR,2026-2026,2,2,42,7,0,75,4,Apr-41,18.75,10.71,10.5,1,0
JD Unadkat (SRH),SRH,2026-2026,4,4,77,12.5,0,140,4,Mar-21,35,10.9,19.25,0,0
Akash Singh (LSG),LSG,2026-2026,2,2,42,7,0,80,4,Mar-26,20,11.42,10.5,0,0
HH Pandya (MI),MI,2026-2026,10,9,136,22.4,0,259,4,Jan-18,64.75,11.42,34,0,0
TU Deshpande (RR),RR,2026-2026,7,7,138,23,0,275,4,Jan-24,68.75,11.95,34.5,0,0
Azmatullah Omarzai (PBKS),PBKS,2026-2026,3,3,66,11,0,103,3,Feb-36,34.33,9.36,22,0,0
Abhinandan Singh (RCB),RCB,2026-2026,3,3,58,9.4,0,122,3,Feb-30,40.66,12.62,19.33,0,0
Harpreet Brar (PBKS),PBKS,2026-2026,2,2,48,8,0,60,2,Feb-35,30,7.5,24,0,0
KK Ahmed (CSK),CSK,2026-2026,5,5,101,16.5,0,146,2,Jan-24,73,8.67,50.5,0,0
R Parag (RR),RR,2026-2026,14,4,24,4,0,38,2,01-May,19,9.5,12,0,0
SH Johnson (CSK),CSK,2026-2026,3,3,66,11,0,112,2,Jan-39,56,10.18,33,0,0
SS Mishra (RR),RR,2026-2026,2,2,38,6.2,0,67,2,Feb-21,33.5,10.57,19,0,0
WG Jacks (MI),MI,2026-2026,7,6,53,8.5,0,94,2,01-Dec,47,10.64,26.5,0,0
MJ Suthar (GT),GT,2026-2026,4,3,36,6,0,68,2,Jan-19,34,11.33,18,0,0
TA Boult (MI),MI,2026-2026,5,5,97,16.1,0,188,2,Jan-41,94,11.62,48.5,0,0
RA Bawa (MI),MI,2026-2026,3,2,24,4,0,50,2,01-Nov,25,12.5,12,0,0
MP Stoinis (PBKS),PBKS,2026-2026,13,4,47,7.5,0,98,2,Jan-26,49,12.51,23.5,0,0
V Nigam (DC),DC,2026-2026,5,5,54,9,0,113,2,Jan-24,56.5,12.55,27,0,0
KA Jamieson (DC),DC,2026-2026,2,2,42,7,0,90,2,Jan-42,45,12.85,21,0,0
MJ Henry (CSK),CSK,2026-2026,3,3,60,10,0,130,2,Feb-54,65,13,30,0,0
Yash Thakur (PBKS),PBKS,2026-2026,1,1,24,4,0,55,2,Feb-55,27.5,13.75,12,0,0
DA Payne (SRH),SRH,2026-2026,2,2,30,5,0,70,2,Feb-35,35,14,15,0,0
TM Head (SRH),SRH,2026-2026,15,1,6,1,0,7,1,01-Jul,7,7,6,0,0
RS Ghosh (CSK),CSK,2026-2026,1,1,18,3,0,24,1,Jan-24,24,8,18,0,0
RS Sharma (MI),MI,2026-2026,6,5,90,15,0,130,1,Jan-36,130,8.66,90,0,0
GF Linde (LSG),LSG,2026-2026,3,3,37,6.1,0,55,1,Jan-18,55,8.91,37,0,0
D Madushanka (SRH),SRH,2026-2026,1,1,24,4,0,36,1,Jan-36,36,9,24,0,0
AS Tendulkar (LSG),LSG,2026-2026,1,1,24,4,0,36,1,Jan-36,36,9,24,0,0
Washington Sundar (GT),GT,2026-2026,17,5,55,9.1,0,84,1,Jan-27,84,9.16,55,0,0
MD Shanaka (RR),RR,2026-2026,7,3,36,6,0,60,1,Jan-29,60,10,36,0,0
R Sai Kishore (GT),GT,2026-2026,3,2,24,4,0,46,1,Jan-38,46,11.5,24,0,0
Ramandeep Singh (KKR),KKR,2026-2026,8,2,16,2.4,0,31,1,01-May,31,11.62,16,0,0
